Date,Description,Amount,Balance
03/09/2026,CARD PAYMENT TO VISA,-500.00,-380.00
04/09/2026,Corner Shop,-12.40,-392.40
05/09/2026,Coffee House,-8.75,-401.15
06/09/2026,Refund - Online Store,250.00,-151.15
07/09/2026,Fuel Station,-30.00,-181.15
08/09/2026,Streaming Service,-14.99,-196.14
09/09/2026,Supermarket,-22.10,-218.24
10/09/2026,Bakery,-6.50,-224.74
11/09/2026,Pharmacy,-18.00,-242.74
12/09/2026,Friend repayment,40.00,-202.74
13/09/2026,Music Service,-9.99,-212.73
14/09/2026,Hardware Store,-11.25,-223.98
15/09/2026,Lunch Place,-7.80,-231.78
16/09/2026,Parking,-5.00,-236.78
17/09/2026,Supermarket,-3.22,-240.00
