Date,Description,Paid out,Paid in,Balance
01/06/2026,Salary,,"3,250.00","5,750.00"
03/06/2026,NETFLIX.COM,10.99,,"5,739.01"
05/06/2026,Rent - Flat 2,"1,200.00",,"4,539.01"
08/06/2026,Tesco Stores 2241,42.35,,"4,496.66"
09/06/2026,Bakery,4.15,,"4,492.51"
11/06/2026,Coffee House,3.80,,"4,488.71"
14/06/2026,Electric Co,68.20,,"4,420.51"
17/06/2026,"Corner Shop, ""The Green""",12.50,,"4,408.01"
21/06/2026,Train Tickets,28.40,,"4,379.61"
24/06/2026,Refund - Online Store,,19.99,"4,399.60"
26/06/2026,Pharmacy,7.45,,"4,392.15"
28/06/2026,Gym Membership,35.00,,"4,357.15"
30/06/2026,Bookshop,15.99,,"4,341.16"
01/07/2026,Salary,,"3,250.00","7,591.16"
04/07/2026,NETFLIX.COM,10.99,,"7,580.17"
05/07/2026,Rent - Flat 2,"1,200.00",,"6,380.17"
08/07/2026,Tesco Stores 2241,45.52,,"6,334.65"
11/07/2026,Coffee House,3.80,,"6,330.85"
12/07/2026,Coffee House,3.80,,"6,327.05"
12/07/2026,Coffee House,3.80,,"6,323.25"
14/07/2026,Electric Co,68.20,,"6,255.05"
17/07/2026,"Corner Shop, ""The Green""",12.50,,"6,242.55"
21/07/2026,Train Tickets,28.40,,"6,214.15"
24/07/2026,Refund - Online Store,,19.99,"6,234.14"
26/07/2026,Pharmacy,7.45,,"6,226.69"
28/07/2026,Gym Membership,35.00,,"6,191.69"
30/07/2026,Bookshop,15.99,,"6,175.70"
01/08/2026,Salary,,"3,250.00","9,425.70"
02/08/2026,Transfer to savings,"1,000.00",,"8,425.70"
03/08/2026,NETFLIX.COM,10.99,,"8,414.71"
05/08/2026,Rent - Flat 2,"1,200.00",,"7,214.71"
08/08/2026,Tesco Stores 2241,48.69,,"7,166.02"
11/08/2026,Coffee House,3.80,,"7,162.22"
14/08/2026,Electric Co,68.20,,"7,094.02"
17/08/2026,"Corner Shop, ""The Green""",12.50,,"7,081.52"
21/08/2026,Train Tickets,28.40,,"7,053.12"
24/08/2026,Refund - Online Store,,19.99,"7,073.11"
26/08/2026,Pharmacy,7.45,,"7,065.66"
28/08/2026,Gym Membership,35.00,,"7,030.66"
30/08/2026,Bookshop,15.99,,"7,014.67"
